elephant,run,q,pair,jaccard_q
E5,B,0.75,SSF~H2O,0.21414551798781967
E5,B,0.75,SSF~SSDM,0.4154171832585576
E5,B,0.75,H2O~SSDM,0.257027575105053
