elephant,run,q,pair,jaccard_q
E5,A,0.75,SSF~H2O,0.05395659515709093
E5,A,0.75,SSF~SSDM,0.4651020364198158
E5,A,0.75,H2O~SSDM,0.05808005945794728
