elephant,method,q,jaccard_AvB
E5,SSF,0.75,0.3551997813734756
E5,H2O,0.75,0.09406697624826386
E5,SSDM,0.75,0.6293603855210558
