elephant,run,q,pair,jaccard_q
E1,B,0.75,SSF~H2O,0.5877712650896657
E1,B,0.75,SSF~SSDM,0.6616868882900744
E1,B,0.75,H2O~SSDM,0.775907686063936
