elephant,run,q,pair,jaccard_q
E4,B,0.75,SSF~H2O,0.2943179693913213
E4,B,0.75,SSF~SSDM,0.6184314752047432
E4,B,0.75,H2O~SSDM,0.33393922894896655
