elephant,run,q,pair,jaccard_q
E4,A,0.75,SSF~H2O,0.4003518016332545
E4,A,0.75,SSF~SSDM,0.5874295165275615
E4,A,0.75,H2O~SSDM,0.5029539743064267
