elephant,method,q,jaccard_AvB
E4,SSF,0.75,0.05746932392689277
E4,H2O,0.75,2.044601521767704e-4
E4,SSDM,0.75,0
