dataset,rmse,auc,logloss
E3A,0.3583460364790462,0.9263395693470189,0.4195609305096443
