dataset,rmse,auc,logloss
E5A,0.15914642574771445,1,0.13454645605170965
