dataset,rmse,auc,logloss
E4A,0.3486742658452931,0.9375643865912203,0.400808042679423
