term,coef,se,z,p,conf.low,conf.high,dataset,model
log_sl_,0.07203456902839363,0.09538946009313798,0.7551627712124515,0.4501513233674458,-0.1149253372588775,0.2589944753156648,E4B,pooled
cos_ta_,-1.0299095489083494,0.11431025814228064,-9.00977362527196,2.064822631991998e-19,-1.2539535379306959,-0.805865559886003,E4B,pooled
