logLik,AIC,n,dataset,model
-419.86983085791434,843.7396617158287,194,E4B,pooled
