logLik,AIC,n,dataset,model
-404.9549524881007,813.9099049762013,184,E3B,pooled
