term,coef,se,z,p,conf.low,conf.high,dataset,model
log_sl_,0.12098241654808486,0.1149787524032404,1.052215422583375,0.29270072519158724,-0.10437179714961445,0.3463366302457842,E3B,pooled
cos_ta_,-0.9383600999201999,0.11483010001592026,-8.17172587840735,3.040086675806441e-16,-1.163422960292536,-0.713297239547864,E3B,pooled
