dataset,rmse,auc,logloss
E4B,0.243810359822095,0.9858898385620198,0.21430018357976757
