dataset,rmse,auc,logloss
E1B,0.13429518114312375,0.9999995841345674,0.09773369331462571
