term,coef,se,z,p,conf.low,conf.high,dataset,model
log_sl_,0.11418133923166666,0.21716745618062464,0.5257755523769576,0.599044162681974,-0.31145905349653785,0.5398217319598712,E5B,pooled
cos_ta_,-1.8091410057411381,0.29574666468602673,-6.117198338185064,9.523480737830417e-10,-2.3887938170735943,-1.229488194408682,E5B,pooled
