logLik,AIC,n,dataset,model
-66.53757927701392,137.07515855402784,38,E5B,pooled
