dataset,rmse,auc,logloss
E3B,0.23136664850971692,0.9877313314328137,0.19856744742274376
