elephant,run,q,pair,jaccard_q
E2,B,0.75,SSF~H2O,0.15695398201308366
E2,B,0.75,SSF~SSDM,0.6988491390846641
E2,B,0.75,H2O~SSDM,0.16138955739248717
