elephant,run,q,pair,jaccard_q
E3,B,0.75,SSF~H2O,0.5417685481741686
E3,B,0.75,SSF~SSDM,0.6473747408999208
E3,B,0.75,H2O~SSDM,0.672818234659138
