elephant,run,q,pair,jaccard_q
E3,A,0.75,SSF~H2O,0.22564477393755875
E3,A,0.75,SSF~SSDM,0.6551124708827313
E3,A,0.75,H2O~SSDM,0.2603939092332027
