elephant,method,q,jaccard_AvB
E3,SSF,0.75,0.06577415599534342
E3,H2O,0.75,0.016439616277541723
E3,SSDM,0.75,0.02783217356947464
