dataset,rmse,auc,logloss
E2B,0.12142340775072928,0.9999900009410878,0.08032132720731364
